id,first_name,last_name,email,gender
1,Dari,Breslin,dbreslin0@mysql.com,Female
2,Errick,Lovekin,elovekin1@addtoany.com,Male
3,Christan,McTurlough,cmcturlough2@rambler.ru,Female
4,Gertruda,Loseby,gloseby3@cdbaby.com,Female
5,Rosy,Goundry,rgoundry4@icio.us,Non-binary
6,Harman,Killingworth,hkillingworth5@acquirethisname.com,Male
7,Shanda,Scrogges,sscrogges6@devhub.com,Female
8,Yancy,Ballingal,yballingal7@free.fr,Male
9,Faunie,Van der Daal,fvanderdaal8@chicagotribune.com,Female
10,Vanni,Donneely,vdonneely9@fc2.com,Female
11,Vincent,Fortescue,vfortescuea@psu.edu,Male
12,Laurens,Foulgham,lfoulghamb@wikispaces.com,Male
13,Tiffany,Inglish,tinglishc@amazonaws.com,Female
14,Wenona,Handasyde,whandasyded@goodreads.com,Female
15,Lionello,De Stoop,ldestoope@facebook.com,Male
16,Priscella,Loch,plochf@wp.com,Female
17,Fiorenze,Olenikov,folenikovg@unblog.fr,Female
18,Rance,Swaffer,rswafferh@umn.edu,Male
19,Courtney,Pitcaithly,cpitcaithlyi@angelfire.com,Female
20,Valentin,Churchward,vchurchwardj@cbc.ca,Male
21,Astrid,Erdes,aerdesk@imdb.com,Female
22,Leah,Brickwood,lbrickwoodl@mayoclinic.com,Female
23,Cathrin,Yanez,cyanezm@gov.uk,Female
24,Nancee,Huggard,nhuggardn@yolasite.com,Female
25,Giorgi,Blakiston,gblakistono@xrea.com,Male
26,Roslyn,Urry,rurryp@youtube.com,Female
27,Tootsie,Heild,theildq@ucsd.edu,Female
28,Tessie,Lydford,tlydfordr@bravesites.com,Female
29,Cynde,Jennrich,cjennrichs@360.cn,Female
30,Abbott,Todeo,atodeot@usgs.gov,Male
31,Anderson,McGinnis,amcginnisu@360.cn,Male
32,Zaria,Orvis,zorvisv@nydailynews.com,Female
33,Cecelia,MacKeller,cmackellerw@hubpages.com,Female
34,Ianthe,Kingerby,ikingerbyx@1688.com,Female
35,Gaylor,Scopham,gscophamy@wiley.com,Male
36,Georgiana,Younghusband,gyounghusbandz@yahoo.com,Female
37,Rudolfo,Dickinson,rdickinson10@vimeo.com,Male
38,Paten,Risley,prisley11@ibm.com,Male
39,Addie,Mullarkey,amullarkey12@shop-pro.jp,Female
40,Jillane,Webster,jwebster13@seattletimes.com,Genderfluid
41,Dayle,Jowers,djowers14@mozilla.com,Female
42,Lev,Cullivan,lcullivan15@nih.gov,Male
43,Mel,Sciusscietto,msciusscietto16@businessweek.com,Male
44,Hartwell,Dolman,hdolman17@chicagotribune.com,Male
45,Leshia,Gotmann,lgotmann18@indiatimes.com,Female
46,Ruprecht,Elvy,relvy19@independent.co.uk,Male
47,Vanni,Botley,vbotley1a@census.gov,Female
48,Lorette,McNab,lmcnab1b@ow.ly,Female
49,Lorette,Cullabine,lcullabine1c@paypal.com,Female
50,Fritz,Gras,fgras1d@biglobe.ne.jp,Male
51,Appolonia,Carratt,acarratt1e@reference.com,Polygender
52,Mahalia,Chelley,mchelley1f@yellowpages.com,Polygender
53,Susanna,MacMurray,smacmurray1g@ft.com,Female
54,Samson,Peile,speile1h@accuweather.com,Male
55,Herve,Wadlow,hwadlow1i@cdc.gov,Male
56,Dominica,Metzing,dmetzing1j@deliciousdays.com,Female
57,Chucho,Slograve,cslograve1k@soundcloud.com,Male
58,Rudolph,Leakner,rleakner1l@eventbrite.com,Male
59,Calvin,Buer,cbuer1m@surveymonkey.com,Male
60,Aurelie,Stooders,astooders1n@google.ru,Female
61,Aldus,Churms,achurms1o@hubpages.com,Genderfluid
62,Barry,Gillmor,bgillmor1p@domainmarket.com,Male
63,Cobby,Biggar,cbiggar1q@gravatar.com,Male
64,Cherise,Poundford,cpoundford1r@blogtalkradio.com,Female
65,Salomi,McKeating,smckeating1s@trellian.com,Female
66,Jonie,Rolfs,jrolfs1t@thetimes.co.uk,Female
67,Thorn,Armfield,tarmfield1u@digg.com,Male
68,Benedick,Dunaway,bdunaway1v@nifty.com,Male
69,Putnam,Tudball,ptudball1w@hud.gov,Male
70,Warner,Flatte,wflatte1x@arstechnica.com,Male
71,Corrianne,Gabbot,cgabbot1y@dion.ne.jp,Female
72,Madge,Hengoed,mhengoed1z@ihg.com,Female
73,Sky,Bignold,sbignold20@harvard.edu,Male
74,Bron,Melmeth,bmelmeth21@miitbeian.gov.cn,Male
75,Brinn,Barbara,bbarbara22@fastcompany.com,Female
76,Bernardine,MacVanamy,bmacvanamy23@nps.gov,Female
77,Theodore,Jehaes,tjehaes24@umich.edu,Bigender
78,Alfreda,Bottoner,abottoner25@ted.com,Genderfluid
79,Dominic,Bierton,dbierton26@washington.edu,Male
80,Regina,Bowlesworth,rbowlesworth27@qq.com,Female
81,Jewel,Swyer,jswyer28@msu.edu,Polygender
82,Harley,Dunnaway,hdunnaway29@cbc.ca,Female
83,Reiko,Perott,rperott2a@theglobeandmail.com,Female
84,Yelena,McKimmey,ymckimmey2b@army.mil,Genderqueer
85,Shep,Ruggles,sruggles2c@hao123.com,Male
86,Hamel,Caffin,hcaffin2d@i2i.jp,Male
87,Bale,Castelluzzi,bcastelluzzi2e@naver.com,Genderqueer
88,Finn,Korlat,fkorlat2f@home.pl,Male
89,Karney,Binder,kbinder2g@apache.org,Male
90,Lissi,Shiels,lshiels2h@domainmarket.com,Female
91,Dennis,Huc,dhuc2i@ibm.com,Male
92,Raina,Guitte,rguitte2j@vimeo.com,Female
93,Vanya,Judkin,vjudkin2k@creativecommons.org,Female
94,Pavia,Hutt,phutt2l@pcworld.com,Female
95,Gloria,Keijser,gkeijser2m@redcross.org,Female
96,Debi,Avrahamof,davrahamof2n@nsw.gov.au,Female
97,Zelma,Powderham,zpowderham2o@cafepress.com,Female
98,Jolyn,Bogey,jbogey2p@photobucket.com,Female
99,Kip,Sadd,ksadd2q@canalblog.com,Male
100,Addy,Huller,ahuller2r@etsy.com,Female
101,Arturo,Tison,atison2s@elpais.com,Male
102,Quintina,Wordesworth,qwordesworth2t@rakuten.co.jp,Female
103,Angel,McCrystal,amccrystal2u@spotify.com,Male
104,Daryl,Hans,dhans2v@pcworld.com,Agender
105,Vanni,Teck,vteck2w@nasa.gov,Female
106,Timoteo,Klulik,tklulik2x@unc.edu,Male
107,Devi,McIlwrath,dmcilwrath2y@stumbleupon.com,Female
108,Torey,Saddler,tsaddler2z@qq.com,Agender
109,Hewet,Gammon,hgammon30@nhs.uk,Male
110,Petronia,Pounsett,ppounsett31@tinypic.com,Female
111,Yolane,Bartholomaus,ybartholomaus32@psu.edu,Female
112,Huberto,Perrottet,hperrottet33@e-recht24.de,Male
113,Arluene,Giabuzzi,agiabuzzi34@a8.net,Female
114,Elfrieda,Cuttler,ecuttler35@typepad.com,Agender
115,Arthur,Di Giacomettino,adigiacomettino36@mozilla.org,Male
116,Emmey,Grimster,egrimster37@csmonitor.com,Female
117,Brooks,Bollard,bbollard38@apple.com,Male
118,Gnni,Garatty,ggaratty39@nymag.com,Female
119,Francklyn,Werlock,fwerlock3a@trellian.com,Male
120,Olly,Yeates,oyeates3b@irs.gov,Female
121,Cull,Wickendon,cwickendon3c@sina.com.cn,Male
122,Margeaux,July,mjuly3d@cmu.edu,Female
123,Jeana,Mountlow,jmountlow3e@arstechnica.com,Female
124,Trip,Gollin,tgollin3f@wp.com,Male
125,Nicolai,Kelloway,nkelloway3g@mapquest.com,Male
126,Shelton,Stillgoe,sstillgoe3h@creativecommons.org,Agender
127,Andreana,Kuschek,akuschek3i@cafepress.com,Female
128,Matthew,Gebbie,mgebbie3j@wordpress.com,Male
129,Fara,Ramelot,framelot3k@theguardian.com,Female
130,Karisa,De Dei,kdedei3l@so-net.ne.jp,Female
131,Jephthah,Highnam,jhighnam3m@statcounter.com,Male
132,Marlowe,Savill,msavill3n@phpbb.com,Male
133,Edyth,Rushmare,erushmare3o@usatoday.com,Female
134,Darbee,Harrold,dharrold3p@washingtonpost.com,Genderfluid
135,Llewellyn,Ikringill,likringill3q@marketwatch.com,Male
136,Peadar,Margach,pmargach3r@nih.gov,Male
137,Debor,Liccardo,dliccardo3s@webeden.co.uk,Female
138,Murvyn,Bielefeld,mbielefeld3t@vkontakte.ru,Male
139,Rachael,Gentiry,rgentiry3u@jiathis.com,Female
140,Von,Eastabrook,veastabrook3v@loc.gov,Male
141,Bevan,Penbarthy,bpenbarthy3w@com.com,Male
142,Kristien,Casale,kcasale3x@hao123.com,Female
143,Kimmy,Beine,kbeine3y@digg.com,Female
144,Matilda,Crosier,mcrosier3z@sun.com,Female
145,Darlene,Leveridge,dleveridge40@woothemes.com,Female
146,Aymer,Gateley,agateley41@parallels.com,Male
147,Tyne,Dalgarno,tdalgarno42@cpanel.net,Female
148,Linoel,Pahl,lpahl43@indiatimes.com,Male
149,Susanetta,Shefton,sshefton44@va.gov,Bigender
150,Viv,Alcott,valcott45@tumblr.com,Female
151,Beret,Streetley,bstreetley46@narod.ru,Female
152,Albrecht,Lyste,alyste47@imgur.com,Male
153,Cirillo,Priddle,cpriddle48@google.es,Male
154,Humfried,Seamen,hseamen49@barnesandnoble.com,Agender
155,Barclay,Farragher,bfarragher4a@thetimes.co.uk,Male
156,Mame,Runciman,mrunciman4b@cam.ac.uk,Female
157,Tabatha,Barajas,tbarajas4c@soundcloud.com,Female
158,Fritz,Showers,fshowers4d@washington.edu,Male
159,Nefen,Bernth,nbernth4e@army.mil,Male
160,Alix,Reary,areary4f@auda.org.au,Genderqueer
161,Harp,Wimlet,hwimlet4g@t.co,Male
162,Liane,Billingsly,lbillingsly4h@ox.ac.uk,Female
163,Winnifred,Windous,wwindous4i@wordpress.org,Female
164,Jacquie,Ricket,jricket4j@narod.ru,Genderfluid
165,Kim,Scrimshaw,kscrimshaw4k@chicagotribune.com,Genderqueer
166,Arielle,Cleveley,acleveley4l@oracle.com,Female
167,Gordon,Ebbotts,gebbotts4m@live.com,Male
168,Griffy,Scyner,gscyner4n@issuu.com,Male
169,Ginnifer,Raddon,graddon4o@mail.ru,Female
170,Stephannie,Androlli,sandrolli4p@storify.com,Female
171,Ame,Borles,aborles4q@usda.gov,Female
172,Di,Else,delse4r@github.io,Female
173,Perkin,Cresswell,pcresswell4s@sciencedirect.com,Male
174,Constantine,Meers,cmeers4t@answers.com,Male
175,Lisa,Nairy,lnairy4u@ihg.com,Female
176,Kennith,Lynnett,klynnett4v@paginegialle.it,Male
177,Carlo,Graal,cgraal4w@cmu.edu,Male
178,Nerta,Nicolls,nnicolls4x@ebay.com,Female
179,Ulises,Gligori,ugligori4y@ca.gov,Male
180,Jerald,Chislett,jchislett4z@ehow.com,Male
181,Raff,Gontier,rgontier50@aol.com,Male
182,Red,Henrionot,rhenrionot51@shop-pro.jp,Male
183,Sheridan,Stanlock,sstanlock52@gravatar.com,Male
184,Mikaela,Scuffham,mscuffham53@dropbox.com,Female
185,Margarette,Godthaab,mgodthaab54@gov.uk,Genderqueer
186,Ogdan,Artois,oartois55@1und1.de,Male
187,Marquita,Bruce,mbruce56@yolasite.com,Female
188,Nataline,Phlippi,nphlippi57@thetimes.co.uk,Female
189,Carolus,Dickins,cdickins58@ucla.edu,Male
190,Linn,Splain,lsplain59@livejournal.com,Male
191,Egbert,Brussell,ebrussell5a@shinystat.com,Male
192,Lianna,Faircliffe,lfaircliffe5b@chicagotribune.com,Female
193,Darby,Brightman,dbrightman5c@people.com.cn,Non-binary
194,Kristien,MacParlan,kmacparlan5d@example.com,Female
195,Adan,Milnes,amilnes5e@digg.com,Male
196,Candra,Bartolomeoni,cbartolomeoni5f@ask.com,Female
197,Randy,de Lloyd,rdelloyd5g@squarespace.com,Female
198,Alvan,Cranshaw,acranshaw5h@netvibes.com,Male
199,Blane,Boumphrey,bboumphrey5i@nymag.com,Male
200,Anna-diana,Trevaskis,atrevaskis5j@blogs.com,Female
201,Debra,Klainer,dklainer5k@furl.net,Female
202,Lindsey,Crowe,lcrowe5l@bbc.co.uk,Female
203,Donia,Macro,dmacro5m@princeton.edu,Female
204,Harold,Minmagh,hminmagh5n@alibaba.com,Male
205,Graehme,Richen,grichen5o@zimbio.com,Bigender
206,Linda,Peverell,lpeverell5p@hexun.com,Non-binary
207,Lonna,Ganley,lganley5q@usatoday.com,Female
208,Mariana,Picard,mpicard5r@indiegogo.com,Female
209,Silvio,Saynor,ssaynor5s@jiathis.com,Male
210,Joel,Warrior,jwarrior5t@apache.org,Male
211,Marco,Gori,mgori5u@amazon.de,Male
212,Carl,Benford,cbenford5v@ebay.co.uk,Male
213,Ina,Capelow,icapelow5w@usgs.gov,Female
214,Grayce,Carreck,gcarreck5x@bloomberg.com,Female
215,Benson,Hamill,bhamill5y@wikipedia.org,Male
216,Burt,Denisovich,bdenisovich5z@craigslist.org,Male
217,Waylan,Piburn,wpiburn60@odnoklassniki.ru,Male
218,Haley,De Gowe,hdegowe61@github.io,Female
219,Miranda,Paur,mpaur62@t-online.de,Female
220,Trev,Harwell,tharwell63@samsung.com,Male
221,Carin,Blaksland,cblaksland64@guardian.co.uk,Female
222,Grange,Veillard,gveillard65@ucoz.com,Male
223,Hebert,Hurburt,hhurburt66@foxnews.com,Male
224,Malissia,Tomadoni,mtomadoni67@tmall.com,Female
225,Torr,MacIlraith,tmacilraith68@uiuc.edu,Male
226,Beaufort,McIlwain,bmcilwain69@cbslocal.com,Male
227,Che,Jakobssen,cjakobssen6a@sourceforge.net,Male
228,Fonz,Gascoyen,fgascoyen6b@devhub.com,Male
229,Shaughn,Goodram,sgoodram6c@ucsd.edu,Male
230,Florri,Waldock,fwaldock6d@dropbox.com,Female
231,Kippy,Duckering,kduckering6e@sciencedirect.com,Male
232,Silvio,Rootham,srootham6f@ebay.com,Male
233,Noelle,Caddies,ncaddies6g@symantec.com,Female
234,Selby,Gorusso,sgorusso6h@alexa.com,Male
235,Britney,Gilham,bgilham6i@cnn.com,Female
236,Amalea,Sheraton,asheraton6j@newsvine.com,Female
237,Marylee,Randall,mrandall6k@examiner.com,Female
238,Cullin,Callard,ccallard6l@dion.ne.jp,Male
239,Malynda,Petrichat,mpetrichat6m@apple.com,Polygender
240,Willi,Izakoff,wizakoff6n@cbc.ca,Male
241,Stephen,De Bernardis,sdebernardis6o@apple.com,Male
242,Sisile,Towhey,stowhey6p@kickstarter.com,Female
243,Keefer,Thurborn,kthurborn6q@sitemeter.com,Male
244,Blinny,Farey,bfarey6r@exblog.jp,Female
245,Elsey,Robardet,erobardet6s@elpais.com,Genderfluid
246,Patton,Parlatt,pparlatt6t@dailymotion.com,Male
247,Hyacinthia,Stuchberry,hstuchberry6u@deviantart.com,Female
248,Erica,Diament,ediament6v@businessinsider.com,Female
249,Conroy,McComiskey,cmccomiskey6w@blog.com,Male
250,Aime,Tredinnick,atredinnick6x@taobao.com,Female
251,Romy,Bateman,rbateman6y@furl.net,Female
252,Micheil,Lissenden,mlissenden6z@skype.com,Polygender
253,Marlo,Roscher,mroscher70@si.edu,Female
254,Dulce,Derbyshire,dderbyshire71@bravesites.com,Female
255,Liam,Rallinshaw,lrallinshaw72@statcounter.com,Male
256,Dorotea,Tamsett,dtamsett73@nyu.edu,Female
257,Frans,Marking,fmarking74@whitehouse.gov,Male
258,Fonsie,Gillham,fgillham75@alibaba.com,Male
259,Rolfe,Wintle,rwintle76@independent.co.uk,Male
260,Florinda,Layborn,flayborn77@nbcnews.com,Female
261,Alard,Nutbeam,anutbeam78@pen.io,Male
262,Karoly,Casarino,kcasarino79@google.com.hk,Male
263,Hanna,Dewan,hdewan7a@123-reg.co.uk,Female
264,Christoforo,Brandino,cbrandino7b@dropbox.com,Male
265,Cherrita,Gornal,cgornal7c@w3.org,Female
266,Willow,Elster,welster7d@instagram.com,Female
267,Esma,Jefferd,ejefferd7e@fda.gov,Genderfluid
268,Fleming,Spear,fspear7f@histats.com,Male
269,Say,Hubeaux,shubeaux7g@shareasale.com,Male
270,Gael,Messier,gmessier7h@yandex.ru,Polygender
271,Cally,Pirrone,cpirrone7i@list-manage.com,Female
272,Gavin,Woltman,gwoltman7j@over-blog.com,Male
273,Blane,Cowan,bcowan7k@ifeng.com,Male
274,Damiano,Platfoot,dplatfoot7l@go.com,Male
275,Susanetta,Bru,sbru7m@ebay.com,Female
276,Billye,Holehouse,bholehouse7n@rediff.com,Female
277,Griffith,Perrington,gperrington7o@dell.com,Genderfluid
278,Sib,Mintoft,smintoft7p@51.la,Female
279,Ulrich,Killock,ukillock7q@rakuten.co.jp,Male
280,Denise,Cartwight,dcartwight7r@narod.ru,Genderfluid
281,Kirsten,Varah,kvarah7s@prlog.org,Female
282,Brenn,Gellan,bgellan7t@boston.com,Genderfluid
283,Flo,Freeborn,ffreeborn7u@purevolume.com,Female
284,Dana,Wason,dwason7v@google.fr,Male
285,Keriann,Skilton,kskilton7w@stumbleupon.com,Agender
286,Fidela,Laskey,flaskey7x@skype.com,Female
287,Chrysler,Gavahan,cgavahan7y@jigsy.com,Female
288,Johnathan,MacDonough,jmacdonough7z@salon.com,Male
289,Torrie,Mackiewicz,tmackiewicz80@nytimes.com,Female
290,Der,Mazzilli,dmazzilli81@networkadvertising.org,Male
291,Ulrikaumeko,Ruppel,uruppel82@t.co,Female
292,Arlena,Wasmuth,awasmuth83@eventbrite.com,Female
293,Jareb,Gerrie,jgerrie84@ox.ac.uk,Male
294,Bea,Iskowicz,biskowicz85@dot.gov,Female
295,Burlie,Allain,ballain86@e-recht24.de,Male
296,Nike,Varnham,nvarnham87@google.co.jp,Non-binary
297,Douglass,McEntee,dmcentee88@wikipedia.org,Male
298,Estell,Castleman,ecastleman89@ftc.gov,Female
299,Chaim,Chelsom,cchelsom8a@dailymotion.com,Male
300,Raine,Mound,rmound8b@opensource.org,Female
301,Matilda,Caustick,mcaustick8c@slate.com,Female
302,Alfie,Luetchford,aluetchford8d@washington.edu,Male
303,Ellynn,Brobak,ebrobak8e@msn.com,Female
304,Dilan,Treadgear,dtreadgear8f@theatlantic.com,Male
305,Brandice,Smale,bsmale8g@elpais.com,Female
306,Delcine,Henrichs,dhenrichs8h@cisco.com,Female
307,Jephthah,Ricardot,jricardot8i@last.fm,Non-binary
308,Rebekah,Demicoli,rdemicoli8j@freewebs.com,Female
309,Kial,Offa,koffa8k@meetup.com,Female
310,Seamus,Wilacot,swilacot8l@google.com.hk,Male
311,Barney,Dumbrell,bdumbrell8m@netvibes.com,Male
312,Mari,Pellman,mpellman8n@sina.com.cn,Female
313,Freddie,Gouck,fgouck8o@umich.edu,Female
314,Jocko,Jammet,jjammet8p@harvard.edu,Male
315,Willdon,Manson,wmanson8q@cbc.ca,Male
316,Beverley,Strang,bstrang8r@cpanel.net,Female
317,Dominique,Salvador,dsalvador8s@ycombinator.com,Male
318,Seline,Orwell,sorwell8t@ft.com,Female
319,Tamarah,Mynett,tmynett8u@linkedin.com,Female
320,Pia,Ledbetter,pledbetter8v@slideshare.net,Female
321,Constance,Ilbert,cilbert8w@woothemes.com,Female
322,Lauri,Hagley,lhagley8x@t-online.de,Female
323,Nicolis,Yerbury,nyerbury8y@dell.com,Male
324,Susan,Welbourn,swelbourn8z@toplist.cz,Female
325,Anna-maria,Kerbler,akerbler90@abc.net.au,Female
326,Fredric,Gress,fgress91@hostgator.com,Male
327,Wilburt,Overbury,woverbury92@squidoo.com,Male
328,Mollee,Pache,mpache93@about.me,Female
329,Auberon,Krugmann,akrugmann94@webs.com,Agender
330,Emelen,Rebert,erebert95@myspace.com,Male
331,Scot,Piet,spiet96@livejournal.com,Male
332,Irvin,Stow,istow97@statcounter.com,Male
333,Dani,Alves,dalves98@bloomberg.com,Female
334,Edsel,Dwyer,edwyer99@github.io,Male
335,Nolie,MacGeffen,nmacgeffen9a@dot.gov,Female
336,Alfonso,Pagett,apagett9b@slideshare.net,Male
337,Minor,Mattaser,mmattaser9c@cyberchimps.com,Male
338,Gladi,Badrock,gbadrock9d@booking.com,Female
339,Bryana,Bandt,bbandt9e@cbsnews.com,Female
340,Arch,Tumasian,atumasian9f@amazon.de,Male
341,Bernadette,Dibdin,bdibdin9g@youku.com,Female
342,Kaila,Kas,kkas9h@irs.gov,Female
343,Parrnell,Baseke,pbaseke9i@chicagotribune.com,Male
344,Steven,Dufaire,sdufaire9j@prlog.org,Polygender
345,Lauren,McKeurtan,lmckeurtan9k@wordpress.com,Male
346,Conrado,Wedmore,cwedmore9l@facebook.com,Male
347,Sauncho,McCue,smccue9m@issuu.com,Male
348,Nick,Seaking,nseaking9n@cbsnews.com,Male
349,Maighdiln,Aleveque,maleveque9o@people.com.cn,Female
350,Fergus,Ullett,fullett9p@seesaa.net,Male
351,Peyton,Gocher,pgocher9q@barnesandnoble.com,Male
352,Antonetta,Emson,aemson9r@w3.org,Female
353,Corena,Hobbema,chobbema9s@photobucket.com,Female
354,Pietro,Snar,psnar9t@cocolog-nifty.com,Male
355,Eleonora,Greenrodd,egreenrodd9u@goodreads.com,Female
356,Berne,Chadbourne,bchadbourne9v@webmd.com,Male
357,Nolana,Papaccio,npapaccio9w@usnews.com,Female
358,Niven,Haddacks,nhaddacks9x@parallels.com,Male
359,Prentice,Rowney,prowney9y@sourceforge.net,Male
360,Tabbie,Vedmore,tvedmore9z@dot.gov,Female
361,Cliff,Longley,clongleya0@about.com,Male
362,Richmound,Abyss,rabyssa1@addthis.com,Male
363,Redford,Shills,rshillsa2@usda.gov,Male
364,Bond,Firsby,bfirsbya3@last.fm,Male
365,Mychal,Sharratt,msharratta4@nbcnews.com,Non-binary
366,Pacorro,Moon,pmoona5@youtube.com,Male
367,Liuka,Talton,ltaltona6@sina.com.cn,Female
368,Reeva,Elwyn,relwyna7@macromedia.com,Female
369,Angie,Betteridge,abetteridgea8@noaa.gov,Female
370,Normy,Ivkovic,nivkovica9@irs.gov,Male
371,Lorry,Jahnisch,ljahnischaa@uiuc.edu,Female
372,Rodrigo,Gillyett,rgillyettab@redcross.org,Male
373,Audrey,Baggaley,abaggaleyac@zdnet.com,Female
374,Cherianne,Gilchriest,cgilchriestad@chron.com,Female
375,Lauryn,MacNalley,lmacnalleyae@wordpress.org,Genderfluid
376,Benjamen,Moret,bmoretaf@dell.com,Male
377,Zedekiah,Houlridge,zhoulridgeag@microsoft.com,Polygender
378,Lusa,Looker,llookerah@squidoo.com,Female
379,Teador,Filyashin,tfilyashinai@squarespace.com,Male
380,Almeria,Libby,alibbyaj@sitemeter.com,Female
381,Rodrigo,Prawle,rprawleak@cpanel.net,Male
382,Shae,Croisdall,scroisdallal@economist.com,Male
383,Robinett,Kingswoode,rkingswoodeam@prnewswire.com,Female
384,Cesar,Mulcaster,cmulcasteran@amazon.co.uk,Male
385,Brock,MacDonogh,bmacdonoghao@hp.com,Male
386,Ervin,Hanselmann,ehanselmannap@biblegateway.com,Male
387,Lancelot,Cauldwell,lcauldwellaq@wufoo.com,Male
388,Chuck,Krystof,ckrystofar@sitemeter.com,Male
389,Ethelin,Eingerfield,eeingerfieldas@google.co.uk,Female
390,Olly,Balle,oballeat@ucoz.com,Female
391,Nicko,Regis,nregisau@unc.edu,Male
392,Angelo,Curgenuer,acurgenuerav@nps.gov,Genderqueer
393,Kizzee,Gruszczak,kgruszczakaw@mtv.com,Female
394,Joelynn,Jacop,jjacopax@netlog.com,Bigender
395,Flo,Chalk,fchalkay@google.cn,Female
396,Kirbee,Champley,kchampleyaz@theglobeandmail.com,Agender
397,Sena,Shrive,sshriveb0@engadget.com,Female
398,Ragnar,Balazin,rbalazinb1@ustream.tv,Male
399,Cordy,Netley,cnetleyb2@blog.com,Male
400,Mira,Patriche,mpatricheb3@ameblo.jp,Female
401,Torre,Carff,tcarffb4@upenn.edu,Male
402,Hanni,Dekeyser,hdekeyserb5@jiathis.com,Female
403,Torry,Berthouloume,tberthouloumeb6@fda.gov,Male
404,Ody,Lesmonde,olesmondeb7@diigo.com,Male
405,Hetti,Baptie,hbaptieb8@imgur.com,Female
406,Antonino,Gallihaulk,agallihaulkb9@ocn.ne.jp,Male
407,Dieter,Harrington,dharringtonba@theatlantic.com,Male
408,Reiko,I'anson,riansonbb@plala.or.jp,Female
409,Cynthie,Reade,creadebc@mlb.com,Female
410,Brittney,McConigal,bmcconigalbd@earthlink.net,Polygender
411,Theodore,Poore,tpoorebe@weibo.com,Male
412,Jerrold,Ollett,jollettbf@issuu.com,Male
413,Hercules,Charity,hcharitybg@artisteer.com,Male
414,Valentia,Bikker,vbikkerbh@cnet.com,Female
415,Godart,Beaumont,gbeaumontbi@dot.gov,Male
416,Rhody,Bohlsen,rbohlsenbj@plala.or.jp,Female
417,Yetty,Bestman,ybestmanbk@creativecommons.org,Female
418,Sallyann,Coffey,scoffeybl@springer.com,Female
419,Pasquale,Crutchley,pcrutchleybm@census.gov,Male
420,Maynord,Steart,msteartbn@reverbnation.com,Male
421,Matilda,Renyard,mrenyardbo@reuters.com,Female
422,Cristiano,Ozanne,cozannebp@msn.com,Male
423,Mamie,Maidens,mmaidensbq@yellowpages.com,Female
424,Cornela,Mellish,cmellishbr@hp.com,Female
425,Seymour,Snaddon,ssnaddonbs@europa.eu,Male
426,Ollie,Reubens,oreubensbt@craigslist.org,Male
427,Maud,Patron,mpatronbu@quantcast.com,Female
428,Devonne,O'Spillane,dospillanebv@youtu.be,Female
429,Ketty,Aaronsohn,kaaronsohnbw@mashable.com,Female
430,Nancey,McArte,nmcartebx@latimes.com,Female
431,Ruthe,Olek,rolekby@privacy.gov.au,Female
432,Celestina,Candy,ccandybz@blog.com,Female
433,Jason,Barrie,jbarriec0@pagesperso-orange.fr,Male
434,Dre,Veck,dveckc1@elpais.com,Female
435,Elissa,Welbourn,ewelbournc2@nytimes.com,Female
436,Clifford,Chevis,cchevisc3@oaic.gov.au,Male
437,Durante,Heppenspall,dheppenspallc4@samsung.com,Male
438,Lefty,Breckon,lbreckonc5@walmart.com,Male
439,Carlie,Mackleden,cmackledenc6@jalbum.net,Female
440,Byron,Aluard,baluardc7@google.nl,Male
441,Mitchael,O'Donnelly,modonnellyc8@java.com,Male
442,Salomone,Maleham,smalehamc9@timesonline.co.uk,Male
443,Nobie,Tomaszkiewicz,ntomaszkiewiczca@fotki.com,Male
444,Thomas,Leijs,tleijscb@nifty.com,Male
445,Cedric,Bowller,cbowllercc@cafepress.com,Male
446,Odey,Ashbey,oashbeycd@psu.edu,Male
447,Breena,Happert,bhappertce@yellowbook.com,Female
448,Morna,Gascoine,mgascoinecf@shareasale.com,Female
449,Jannelle,Grinnell,jgrinnellcg@sfgate.com,Female
450,Rhody,Pentercost,rpentercostch@google.nl,Female
451,Gwennie,Gooble,ggoobleci@mediafire.com,Female
452,Edsel,Linnell,elinnellcj@hhs.gov,Male
453,Gordie,Mulmuray,gmulmurayck@homestead.com,Male
454,Brockie,Gethins,bgethinscl@jigsy.com,Male
455,Gabriellia,Buckingham,gbuckinghamcm@angelfire.com,Female
456,Kelley,Mulcahy,kmulcahycn@vistaprint.com,Male
457,Frieda,Franca,ffrancaco@scribd.com,Female
458,Joycelin,Moulding,jmouldingcp@yahoo.co.jp,Female
459,Del,Flowers,dflowerscq@thetimes.co.uk,Male
460,Minnaminnie,Rathborne,mrathbornecr@wikimedia.org,Female
461,Martina,Strutley,mstrutleycs@livejournal.com,Female
462,Tiffi,Antao,tantaoct@constantcontact.com,Female
463,Rutter,Gather,rgathercu@google.ca,Male
464,Martynne,Dougharty,mdoughartycv@washington.edu,Female
465,Delphine,Hanson,dhansoncw@sbwire.com,Female
466,Niel,Labden,nlabdencx@canalblog.com,Male
467,Diarmid,Keson,dkesoncy@va.gov,Genderfluid
468,Adriana,Crispe,acrispecz@theatlantic.com,Female
469,Valma,Joinson,vjoinsond0@360.cn,Female
470,Willie,De Andisie,wdeandisied1@gov.uk,Male
471,Carmelina,Keppy,ckeppyd2@w3.org,Female
472,Mendie,Langham,mlanghamd3@phoca.cz,Male
473,Filippo,Dorcey,fdorceyd4@oaic.gov.au,Male
474,Clayborne,Horbath,chorbathd5@w3.org,Male
475,Margareta,Benasik,mbenasikd6@independent.co.uk,Female
476,Pearle,Hadleigh,phadleighd7@odnoklassniki.ru,Female
477,Archibaldo,Kipping,akippingd8@liveinternet.ru,Male
478,Ignace,Cox,icoxd9@seesaa.net,Male
479,Odelinda,Cushworth,ocushworthda@mail.ru,Female
480,Adler,Gallie,agalliedb@is.gd,Male
481,Sauncho,Flanagan,sflanagandc@domainmarket.com,Male
482,Ezri,Reddell,ereddelldd@behance.net,Male
483,Perceval,Vigus,pvigusde@unblog.fr,Male
484,Julietta,Isacsson,jisacssondf@sciencedirect.com,Female
485,Willie,Raithby,wraithbydg@mapy.cz,Male
486,Francis,Cassius,fcassiusdh@techcrunch.com,Male
487,Jonie,Haibel,jhaibeldi@nasa.gov,Female
488,Mallissa,Soanes,msoanesdj@apple.com,Female
489,Jessica,Livingstone,jlivingstonedk@parallels.com,Female
490,Lynelle,Kopje,lkopjedl@google.cn,Female
491,Tessi,Woolis,twoolisdm@xrea.com,Female
492,Kamillah,Grumley,kgrumleydn@geocities.com,Female
493,Sharyl,Treadger,streadgerdo@issuu.com,Female
494,Emyle,Budcock,ebudcockdp@msu.edu,Female
495,Shelly,Cazereau,scazereaudq@hc360.com,Female
496,Penn,Noddles,pnoddlesdr@wp.com,Male
497,Tommy,Trymme,ttrymmeds@squidoo.com,Female
498,Tracy,Le Grand,tlegranddt@booking.com,Female
499,Kimberli,Pashler,kpashlerdu@cnbc.com,Female
500,Aigneis,Atkinson,aatkinsondv@wired.com,Female
501,Malvin,Larder,mlarderdw@senate.gov,Male
502,Garek,Espinoy,gespinoydx@cornell.edu,Male
503,Darsie,Jiran,djirandy@netvibes.com,Female
504,Beatrix,Bremond,bbremonddz@hatena.ne.jp,Female
505,Margarete,Loughlan,mloughlane0@yelp.com,Female
506,Brook,Fairburne,bfairburnee1@ustream.tv,Male
507,Winny,Yarnton,wyarntone2@booking.com,Female
508,Basilio,Ablott,bablotte3@hatena.ne.jp,Male
509,Matilda,Adriaan,madriaane4@va.gov,Agender
510,Peggi,Paulazzi,ppaulazzie5@latimes.com,Female
511,Crissie,Abramovic,cabramovice6@upenn.edu,Genderqueer
512,Marybeth,Tomaskunas,mtomaskunase7@tuttocitta.it,Bigender
513,Jenda,Orton,jortone8@home.pl,Agender
514,Justen,Foottit,jfoottite9@wix.com,Male
515,Marven,Bruyett,mbruyettea@1und1.de,Male
516,Granthem,Zoanetti,gzoanettieb@github.com,Male
517,Consolata,Lambirth,clambirthec@bloglovin.com,Female
518,Lorilee,Honacker,lhonackered@com.com,Female
519,Verine,Earwicker,vearwickeree@cam.ac.uk,Female
520,Violetta,Josilevich,vjosilevichef@narod.ru,Female
521,Martynne,Manzell,mmanzelleg@pinterest.com,Female
522,Kean,Scini,kscinieh@diigo.com,Male
523,Mahmud,Harsent,mharsentei@nydailynews.com,Male
524,Morey,Risborough,mrisboroughej@w3.org,Male
525,Jacques,Simonassi,jsimonassiek@vkontakte.ru,Male
526,Rosana,Ealles,reallesel@sourceforge.net,Female
527,Saree,Geratt,sgerattem@discuz.net,Female
528,Melba,Lenin,mleninen@t.co,Female
529,Paola,Jaggard,pjaggardeo@toplist.cz,Female
530,Caritta,Cleverley,ccleverleyep@fotki.com,Female
531,Sheffie,McKeating,smckeatingeq@netscape.com,Male
532,Bethanne,Escudier,bescudierer@tuttocitta.it,Female
533,Hirsch,Durbyn,hdurbynes@java.com,Male
534,Cinda,Aim,caimet@amazon.co.uk,Genderqueer
535,Nico,Munehay,nmunehayeu@wisc.edu,Male
536,Kattie,Biskupiak,kbiskupiakev@canalblog.com,Female
537,Tildy,Siggery,tsiggeryew@bravesites.com,Female
538,Burl,Gant,bgantex@51.la,Male
539,Drew,Eakeley,deakeleyey@delicious.com,Male
540,Fancy,Lickess,flickessez@photobucket.com,Female
541,Conrado,Powys,cpowysf0@globo.com,Male
542,Karlotte,Northbridge,knorthbridgef1@dyndns.org,Female
543,Opaline,Wreak,owreakf2@list-manage.com,Female
544,Henryetta,Caudwell,hcaudwellf3@i2i.jp,Female
545,Garrett,Abramchik,gabramchikf4@livejournal.com,Bigender
546,Chery,Djakovic,cdjakovicf5@domainmarket.com,Bigender
547,Myles,Wabe,mwabef6@examiner.com,Male
548,Jillene,Bernhart,jbernhartf7@archive.org,Female
549,Paula,Ponton,ppontonf8@mail.ru,Female
550,Horst,Wintersgill,hwintersgillf9@issuu.com,Male
551,Yuma,Caton,ycatonfa@is.gd,Male
552,Charlena,Duff,cdufffb@admin.ch,Female
553,Tasha,Macrae,tmacraefc@artisteer.com,Female
554,Shea,Sodory,ssodoryfd@sciencedaily.com,Female
555,Oswell,Gillitt,ogillittfe@domainmarket.com,Male
556,Tuckie,Loverock,tloverockff@reference.com,Male
557,Davon,Valois,dvaloisfg@eepurl.com,Male
558,Linzy,Benck,lbenckfh@hud.gov,Female
559,Harriette,Hintzer,hhintzerfi@webs.com,Female
560,Carlita,Matteini,cmatteinifj@fda.gov,Female
561,Lammond,Fortie,lfortiefk@domainmarket.com,Male
562,Angelique,Tolerton,atolertonfl@mozilla.org,Female
563,Bink,Ronan,bronanfm@dropbox.com,Non-binary
564,Alexandro,Whelpdale,awhelpdalefn@cargocollective.com,Male
565,Jerrine,De Nisco,jdeniscofo@si.edu,Female
566,Mickey,Glover,mgloverfp@cbc.ca,Male
567,Neille,Verling,nverlingfq@myspace.com,Female
568,Edgardo,Terlinden,eterlindenfr@craigslist.org,Male
569,Garry,Brodeau,gbrodeaufs@mtv.com,Agender
570,Hercule,McCambridge,hmccambridgeft@blog.com,Male
571,Aubry,Borless,aborlessfu@a8.net,Female
572,Barnabe,Bockin,bbockinfv@tamu.edu,Male
573,Geordie,Magrannell,gmagrannellfw@huffingtonpost.com,Male
574,Thorny,Reggio,treggiofx@dot.gov,Male
575,Tye,Alcido,talcidofy@salon.com,Male
576,Georgetta,Hacquard,ghacquardfz@shareasale.com,Female
577,Dennis,Gillivrie,dgillivrieg0@seattletimes.com,Male
578,Kerwinn,Francillo,kfrancillog1@privacy.gov.au,Male
579,Abel,Priddis,apriddisg2@businesswire.com,Male
580,Far,Inder,finderg3@yellowbook.com,Non-binary
581,Cleve,Christaeas,cchristaeasg4@ocn.ne.jp,Male
582,Dreddy,McColm,dmccolmg5@merriam-webster.com,Female
583,Hurley,Quilliam,hquilliamg6@npr.org,Male
584,Alyssa,Hardman,ahardmang7@tuttocitta.it,Female
585,Lew,Wilks,lwilksg8@wiley.com,Male
586,Ellswerth,Muldowney,emuldowneyg9@kickstarter.com,Male
587,Adriana,Shemmin,ashemminga@un.org,Female
588,Audrye,Aikin,aaikingb@google.cn,Female
589,Benn,Ouchterlony,bouchterlonygc@t.co,Male
590,Rod,Monk,rmonkgd@weebly.com,Male
591,Lottie,Quinnelly,lquinnellyge@timesonline.co.uk,Female
592,Keefe,Scourgie,kscourgiegf@washington.edu,Male
593,Corbet,McKennan,cmckennangg@addthis.com,Male
594,Dall,Corness,dcornessgh@nsw.gov.au,Male
595,Hillery,Clemon,hclemongi@hud.gov,Male
596,Jared,Norwood,jnorwoodgj@elpais.com,Non-binary
597,Christophe,Goseling,cgoselinggk@sbwire.com,Male
598,Buddie,Falls,bfallsgl@mayoclinic.com,Male
599,Cilka,Birchwood,cbirchwoodgm@exblog.jp,Female
600,Stacee,Itzcovichch,sitzcovichchgn@mashable.com,Male
601,Jeanne,McCarter,jmccartergo@sphinn.com,Female
602,Patrizius,Rude,prudegp@constantcontact.com,Male
603,Linus,Goosey,lgooseygq@domainmarket.com,Male
604,Chickie,Darracott,cdarracottgr@mail.ru,Female
605,Michelina,Wones,mwonesgs@ebay.com,Female
606,Herculie,Hesser,hhessergt@blogs.com,Male
607,Nye,Girdwood,ngirdwoodgu@123-reg.co.uk,Male
608,Freda,Linder,flindergv@t.co,Female
609,Tedmund,Salandino,tsalandinogw@so-net.ne.jp,Male
610,Rudie,Darwin,rdarwingx@4shared.com,Male
611,Caspar,Scarr,cscarrgy@example.com,Male
612,Adelaide,Clarke-Williams,aclarkewilliamsgz@gnu.org,Female
613,Dayle,Haws,dhawsh0@geocities.jp,Female
614,Edvard,Pettko,epettkoh1@tiny.cc,Genderqueer
615,Risa,Ancell,rancellh2@yelp.com,Polygender
616,Maryellen,Pocknoll,mpocknollh3@auda.org.au,Female
617,Loleta,Volante,lvolanteh4@lycos.com,Female
618,Jackquelin,Brothwell,jbrothwellh5@cbc.ca,Female
619,Henderson,Rearie,hrearieh6@shop-pro.jp,Male
620,Ervin,Standering,estanderingh7@addthis.com,Male
621,Krishnah,Vasilkov,kvasilkovh8@mit.edu,Male
622,Van,Sibthorp,vsibthorph9@blogspot.com,Male
623,Chloette,Errey,cerreyha@parallels.com,Female
624,Jamill,Zammett,jzammetthb@google.cn,Male
625,Ardath,Cookson,acooksonhc@theglobeandmail.com,Female
626,Giuseppe,Volage,gvolagehd@e-recht24.de,Male
627,Wain,Foakes,wfoakeshe@networkadvertising.org,Male
628,Gwenette,Derisly,gderislyhf@bizjournals.com,Female
629,Marcellus,Furness,mfurnesshg@webeden.co.uk,Male
630,Nell,Ucceli,nuccelihh@networksolutions.com,Female
631,Anica,Sego,asegohi@youku.com,Female
632,Dolley,Caras,dcarashj@loc.gov,Female
633,Consolata,Gouldie,cgouldiehk@amazon.com,Female
634,Marcella,Yakobovicz,myakoboviczhl@ftc.gov,Genderfluid
635,Shurlock,Sheasby,ssheasbyhm@xing.com,Male
636,Gui,Grainger,ggraingerhn@jalbum.net,Polygender
637,Florida,Randell,frandellho@printfriendly.com,Female
638,Adella,Rosso,arossohp@histats.com,Female
639,Ileane,Rewcassell,irewcassellhq@amazon.co.uk,Female
640,Yardley,Currao,ycurraohr@furl.net,Male
641,Nert,Drinkall,ndrinkallhs@liveinternet.ru,Female
642,Elbert,Kipling,ekiplinght@shutterfly.com,Male
643,Annaliese,Silverstone,asilverstonehu@zimbio.com,Female
644,Lorianna,Vanichkin,lvanichkinhv@desdev.cn,Female
645,Britteny,Richford,brichfordhw@miibeian.gov.cn,Female
646,Nevile,Abrahamsen,nabrahamsenhx@berkeley.edu,Male
647,Carlota,Revell,crevellhy@google.co.uk,Female
648,Dorri,Dormand,ddormandhz@mysql.com,Female
649,Lina,Desvignes,ldesvignesi0@devhub.com,Female
650,Orville,Boschmann,oboschmanni1@w3.org,Male
651,Daffi,Pinshon,dpinshoni2@nydailynews.com,Bigender
652,Imojean,Giffon,igiffoni3@springer.com,Female
653,Tuck,Petticrow,tpetticrowi4@blogs.com,Male
654,Chickie,Streets,cstreetsi5@naver.com,Male
655,Christophorus,Craigs,ccraigsi6@biglobe.ne.jp,Male
656,Evvie,McGeachie,emcgeachiei7@yandex.ru,Agender
657,Concettina,Gepson,cgepsoni8@over-blog.com,Female
658,Alfonse,Leckenby,aleckenbyi9@icio.us,Bigender
659,Babbette,McGuirk,bmcguirkia@yellowbook.com,Female
660,Ulick,Roache,uroacheib@time.com,Male
661,Dirk,Broadis,dbroadisic@wix.com,Polygender
662,Corny,Dyball,cdyballid@cbslocal.com,Male
663,Somerset,Rau,srauie@ustream.tv,Male
664,Gracia,Miquelet,gmiqueletif@washingtonpost.com,Female
665,Yurik,Mindenhall,ymindenhallig@posterous.com,Male
666,Dexter,Neilan,dneilanih@epa.gov,Male
667,Scarface,Greydon,sgreydonii@ucsd.edu,Male
668,Walker,Skeffington,wskeffingtonij@nature.com,Male
669,Enos,Andreichik,eandreichikik@narod.ru,Male
670,Margaret,Binder,mbinderil@eepurl.com,Female
671,Ronald,Wickwar,rwickwarim@skyrock.com,Male
672,Elora,Malley,emalleyin@amazon.co.uk,Female
673,Igor,Semaine,isemaineio@bloglines.com,Male
674,Rem,Gingles,rginglesip@earthlink.net,Male
675,Osborne,Dulson,odulsoniq@latimes.com,Male
676,Fidelity,Thresh,fthreshir@army.mil,Female
677,Torey,Botley,tbotleyis@typepad.com,Male
678,Maud,Forton,mfortonit@dailymail.co.uk,Female
679,Cristen,Loadman,cloadmaniu@ocn.ne.jp,Female
680,Noami,Ansett,nansettiv@flavors.me,Female
681,Merv,O'Geneay,mogeneayiw@smugmug.com,Male
682,Lorri,Kuhlen,lkuhlenix@ucoz.com,Female
683,Sauveur,Grinsdale,sgrinsdaleiy@aol.com,Male
684,Pooh,Joire,pjoireiz@theglobeandmail.com,Male
685,Elise,Hardaker,ehardakerj0@sina.com.cn,Female
686,Eberhard,Dowman,edowmanj1@addtoany.com,Male
687,Winnie,Schofield,wschofieldj2@omniture.com,Male
688,Sarajane,Curado,scuradoj3@google.ca,Female
689,Lillis,Osgodby,losgodbyj4@harvard.edu,Female
690,Marcelia,Haddeston,mhaddestonj5@jimdo.com,Female
691,Beulah,Trehearn,btrehearnj6@redcross.org,Female
692,Magdalena,Kybbye,mkybbyej7@cbsnews.com,Female
693,Barry,Peer,bpeerj8@stumbleupon.com,Female
694,Leela,Bonnin,lbonninj9@bbc.co.uk,Female
695,Sela,Woodage,swoodageja@comsenz.com,Female
696,Joseph,Mars,jmarsjb@ebay.co.uk,Genderqueer
697,Isidora,Manketell,imanketelljc@behance.net,Female
698,Even,Enrigo,eenrigojd@cloudflare.com,Male
699,Harlene,Gellately,hgellatelyje@ox.ac.uk,Female
700,Urbanus,Leaney,uleaneyjf@vimeo.com,Male
701,Boigie,Tungay,btungayjg@google.com.hk,Male
702,Salomon,Croyser,scroyserjh@google.de,Male
703,Allard,Treace,atreaceji@about.me,Male
704,Cleavland,Verrier,cverrierjj@unc.edu,Male
705,Justis,Ucchino,jucchinojk@fastcompany.com,Male
706,Lamont,Lindemann,llindemannjl@accuweather.com,Male
707,Massimo,Pettegree,mpettegreejm@pbs.org,Male
708,Cameron,Grzesiewicz,cgrzesiewiczjn@blinklist.com,Male
709,Maribeth,Verling,mverlingjo@tinypic.com,Female
710,Saxe,Hruska,shruskajp@list-manage.com,Polygender
711,Bevin,Wabb,bwabbjq@tiny.cc,Male
712,Isabel,Jakolevitch,ijakolevitchjr@nymag.com,Female
713,Eloise,Celez,ecelezjs@quantcast.com,Female
714,Roseanne,Fricke,rfrickejt@mayoclinic.com,Female
715,Meggi,Linch,mlinchju@unc.edu,Polygender
716,Leia,Axtens,laxtensjv@prlog.org,Female
717,Kandace,Playdon,kplaydonjw@symantec.com,Female
718,Doralin,Whannel,dwhanneljx@theguardian.com,Female
719,Thatch,Bedwell,tbedwelljy@1688.com,Male
720,Verna,Gudyer,vgudyerjz@soundcloud.com,Female
721,Justinn,Butchart,jbutchartk0@google.fr,Female
722,Terri,Ciani,tcianik1@fotki.com,Male
723,Padriac,Honywill,phonywillk2@harvard.edu,Male
724,Cris,Tonbridge,ctonbridgek3@omniture.com,Male
725,Jillayne,Patullo,jpatullok4@cpanel.net,Female
726,Rudiger,Fildery,rfilderyk5@mlb.com,Male
727,Jeanelle,Wehden,jwehdenk6@joomla.org,Female
728,Martin,Kitchingman,mkitchingmank7@joomla.org,Male
729,Tobie,Cleynman,tcleynmank8@phoca.cz,Male
730,Ethel,Baseke,ebasekek9@google.ca,Female
731,Frederigo,Winspear,fwinspearka@squarespace.com,Male
732,Ruy,Burnham,rburnhamkb@marketwatch.com,Male
733,Pippa,Bunney,pbunneykc@photobucket.com,Female
734,Townie,Sisneros,tsisneroskd@ifeng.com,Male
735,Fawn,Berringer,fberringerke@illinois.edu,Female
736,Grantley,Anthiftle,ganthiftlekf@mapy.cz,Male
737,Jase,Czaja,jczajakg@time.com,Male
738,Audra,Davenport,adavenportkh@cmu.edu,Female
739,Armando,Supple,asuppleki@sogou.com,Male
740,Johannes,Blissitt,jblissittkj@scribd.com,Male
741,Betteanne,Blonden,bblondenkk@netlog.com,Female
742,Martica,Babbage,mbabbagekl@go.com,Bigender
743,Corine,Solan,csolankm@creativecommons.org,Female
744,Bartolomeo,Bum,bbumkn@wunderground.com,Male
745,Stephanie,Simonaitis,ssimonaitisko@cargocollective.com,Female
746,Ulick,Guesford,uguesfordkp@miitbeian.gov.cn,Male
747,Sara-ann,Walburn,swalburnkq@auda.org.au,Polygender
748,Marya,Jirek,mjirekkr@squidoo.com,Female
749,Julianna,Coleman,jcolemanks@businesswire.com,Female
750,Sindee,Senton,ssentonkt@a8.net,Female
751,Cornall,Albon,calbonku@exblog.jp,Genderfluid
752,Nester,Oakwood,noakwoodkv@tamu.edu,Male
753,Remington,Kulas,rkulaskw@sphinn.com,Male
754,Gaylord,Sanbrooke,gsanbrookekx@yale.edu,Male
755,Juditha,McCaughey,jmccaugheyky@last.fm,Female
756,Tim,Kislingbury,tkislingburykz@csmonitor.com,Female
757,Aubert,MacGovern,amacgovernl0@goo.gl,Male
758,Bev,Gibbens,bgibbensl1@ustream.tv,Male
759,Thea,Mosdall,tmosdalll2@hp.com,Female
760,Spencer,Beek,sbeekl3@booking.com,Bigender
761,Darnell,Wedmore.,dwedmorel4@tiny.cc,Genderqueer
762,Noel,Domney,ndomneyl5@behance.net,Male
763,Ermin,Chasson,echassonl6@amazon.de,Male
764,Nolly,Gilhouley,ngilhouleyl7@surveymonkey.com,Male
765,Melantha,Fancutt,mfancuttl8@mapy.cz,Female
766,Carolina,Banting,cbantingl9@engadget.com,Female
767,Essa,Tidman,etidmanla@naver.com,Female
768,Reece,Bullant,rbullantlb@comsenz.com,Male
769,Gerianna,Gatheral,ggatherallc@cnet.com,Female
770,Halie,Northey,hnortheyld@aol.com,Female
771,Cristal,Kleynen,ckleynenle@4shared.com,Female
772,Lisle,Tewkesbury,ltewkesburylf@google.com.br,Male
773,Trixy,Zannotelli,tzannotellilg@eventbrite.com,Female
774,Smitty,Bickerstaff,sbickerstafflh@yahoo.com,Polygender
775,Mohammed,Van,mvanli@globo.com,Genderqueer
776,Cathleen,Delgua,cdelgualj@about.me,Genderqueer
777,Cyrillus,Littrell,clittrelllk@mlb.com,Male
778,Irv,Targe,itargell@parallels.com,Male
779,Vally,Berthomier,vberthomierlm@bizjournals.com,Agender
780,Karoly,Folk,kfolkln@ycombinator.com,Male
781,Aron,Clemendot,aclemendotlo@parallels.com,Male
782,Brietta,Guiot,bguiotlp@taobao.com,Female
783,Stanly,Juszkiewicz,sjuszkiewiczlq@drupal.org,Male
784,Tore,Collingridge,tcollingridgelr@people.com.cn,Bigender
785,Kelsey,Jovasevic,kjovasevicls@ow.ly,Male
786,Alvy,Beynon,abeynonlt@ow.ly,Male
787,Bob,Matthiesen,bmatthiesenlu@bigcartel.com,Male
788,Renata,Christon,rchristonlv@homestead.com,Female
789,Cory,Stitt,cstittlw@mediafire.com,Female
790,Blakelee,Uzzell,buzzelllx@weebly.com,Non-binary
791,Hillery,Hatherleigh,hhatherleighly@arstechnica.com,Male
792,Danie,Guidi,dguidilz@desdev.cn,Male
793,Aurora,Sheaf,asheafm0@cnet.com,Female
794,Kennett,Rojahn,krojahnm1@xrea.com,Male
795,Stavro,Barrowclough,sbarrowcloughm2@trellian.com,Genderqueer
796,Helenka,Ibeson,hibesonm3@blog.com,Female
797,Karole,Whitmore,kwhitmorem4@utexas.edu,Female
798,Etan,Mushart,emushartm5@clickbank.net,Male
799,Jemie,Baptist,jbaptistm6@whitehouse.gov,Female
800,Jacenta,Camelli,jcamellim7@google.es,Female
801,Rhodie,Baty,rbatym8@youku.com,Female
802,Cirillo,Casseldine,ccasseldinem9@delicious.com,Male
803,Audy,Boner,abonerma@patch.com,Female
804,Fulton,Wathell,fwathellmb@marriott.com,Male
805,Moselle,Teague,mteaguemc@usgs.gov,Female
806,Morey,Bartel,mbartelmd@youku.com,Male
807,Faydra,Franciskiewicz,ffranciskiewiczme@washington.edu,Female
808,Christan,Ronchi,cronchimf@meetup.com,Female
809,Tadeas,Hellmore,thellmoremg@pbs.org,Male
810,Kimberlyn,Thornally,kthornallymh@example.com,Female
811,Mick,Stickney,mstickneymi@istockphoto.com,Male
812,Aubrie,Fairtlough,afairtloughmj@github.io,Female
813,Larry,Mc Curlye,lmccurlyemk@miibeian.gov.cn,Male
814,Alix,Seamons,aseamonsml@oaic.gov.au,Male
815,Carin,Shortcliffe,cshortcliffemm@smugmug.com,Female
816,Aurthur,Kitchenman,akitchenmanmn@berkeley.edu,Male
817,Justina,Grubb,jgrubbmo@foxnews.com,Agender
818,Kalindi,Housbey,khousbeymp@desdev.cn,Female
819,Emilee,Trewhella,etrewhellamq@businessweek.com,Bigender
820,Nahum,Larkins,nlarkinsmr@vimeo.com,Male
821,Erwin,Treend,etreendms@mediafire.com,Male
822,Nappie,Moseley,nmoseleymt@patch.com,Male
823,Blinnie,Melanaphy,bmelanaphymu@chronoengine.com,Female
824,Mackenzie,Huckle,mhucklemv@creativecommons.org,Male
825,Rudolfo,Caldera,rcalderamw@telegraph.co.uk,Agender
826,Josephina,Cossom,jcossommx@mediafire.com,Female
827,Jan,Broderick,jbroderickmy@ameblo.jp,Female
828,Katusha,de Wilde,kdewildemz@ca.gov,Agender
829,Pegeen,Sima,psiman0@dailymail.co.uk,Female
830,Meggy,Luty,mlutyn1@qq.com,Genderfluid
831,Alexandro,Faircley,afaircleyn2@privacy.gov.au,Male
832,Englebert,Anear,eanearn3@examiner.com,Male
833,Kamilah,Pogson,kpogsonn4@theglobeandmail.com,Bigender
834,Geno,Munton,gmuntonn5@rediff.com,Male
835,Leigh,Clay,lclayn6@g.co,Male
836,Willdon,Pawden,wpawdenn7@dion.ne.jp,Male
837,Faulkner,Purcell,fpurcelln8@wikispaces.com,Male
838,Ida,Constantinou,iconstantinoun9@w3.org,Female
839,Toiboid,Lindenboim,tlindenboimna@sakura.ne.jp,Male
840,Elmo,Lanphere,elanpherenb@wufoo.com,Male
841,Yvette,Charleston,ycharlestonnc@pbs.org,Genderqueer
842,Milli,Moncrefe,mmoncrefend@photobucket.com,Female
843,Margaret,Tanby,mtanbyne@etsy.com,Female
844,Morgana,Thurgood,mthurgoodnf@virginia.edu,Female
845,Lydie,Ormistone,lormistoneng@creativecommons.org,Female
846,Ebba,Mahedy,emahedynh@csmonitor.com,Female
847,Obie,Pohls,opohlsni@marriott.com,Male
848,Brewster,Chieco,bchieconj@webmd.com,Male
849,Ronna,Scholard,rscholardnk@discuz.net,Female
850,Jenica,Alkin,jalkinnl@alexa.com,Female
851,Augustine,Kirrens,akirrensnm@myspace.com,Male
852,Kevan,Craigie,kcraigienn@vinaora.com,Male
853,Jess,Cutriss,jcutrissno@comsenz.com,Female
854,Burk,D'Alesio,bdalesionp@ovh.net,Non-binary
855,Lucien,McNerlin,lmcnerlinnq@google.cn,Male
856,Melisandra,Maleby,mmalebynr@usatoday.com,Genderfluid
857,Gisela,Limeburner,glimeburnerns@etsy.com,Female
858,Ibby,Wycliffe,iwycliffent@sitemeter.com,Female
859,Emiline,Scopes,escopesnu@goodreads.com,Female
860,Tucky,Birtonshaw,tbirtonshawnv@auda.org.au,Male
861,Eveline,Woller,ewollernw@addtoany.com,Female
862,Edmund,Passey,epasseynx@nymag.com,Male
863,Sergei,Loughran,sloughranny@csmonitor.com,Male
864,Zachary,Heiden,zheidennz@businesswire.com,Agender
865,Shandra,Zmitrichenko,szmitrichenkoo0@oakley.com,Female
866,Babbie,Pykerman,bpykermano1@fda.gov,Female
867,Annalee,Birmingham,abirminghamo2@example.com,Bigender
868,Rosette,Jedrzej,rjedrzejo3@gov.uk,Female
869,Banky,Ivanikov,bivanikovo4@columbia.edu,Male
870,Tasia,Hessing,thessingo5@istockphoto.com,Female
871,Ardelle,Cassius,acassiuso6@sakura.ne.jp,Female
872,Laurence,Enoksson,lenokssono7@wordpress.org,Male
873,Victoria,Borland,vborlando8@purevolume.com,Female
874,Jillie,Ebunoluwa,jebunoluwao9@reverbnation.com,Female
875,Kristina,Piatkowski,kpiatkowskioa@adobe.com,Female
876,Doralyn,Sapir,dsapirob@mediafire.com,Female
877,Berna,Gronauer,bgronaueroc@jalbum.net,Female
878,Jeremy,Achromov,jachromovod@fotki.com,Bigender
879,Leonerd,Rizzi,lrizzioe@wikimedia.org,Male
880,Coop,Pollastrino,cpollastrinoof@xing.com,Agender
881,Ronnica,Whysall,rwhysallog@earthlink.net,Female
882,Dorelia,Vellender,dvellenderoh@ameblo.jp,Female
883,Kev,Constantine,kconstantineoi@bloglovin.com,Male
884,Fonz,Biford,fbifordoj@mail.ru,Male
885,Pearline,Penright,ppenrightok@smugmug.com,Female
886,Sascha,Owlner,sowlnerol@fotki.com,Agender
887,Stewart,Ianittello,sianittelloom@liveinternet.ru,Male
888,Falkner,Craise,fcraiseon@apple.com,Male
889,Sibel,Lyddy,slyddyoo@google.com.br,Female
890,Kiele,Fussie,kfussieop@quantcast.com,Female
891,Jareb,Petrushka,jpetrushkaoq@ft.com,Male
892,Ardella,Tetley,atetleyor@weebly.com,Female
893,Averil,Lindermann,alindermannos@java.com,Female
894,Lorne,Dungey,ldungeyot@smh.com.au,Male
895,Tobit,Ferrers,tferrersou@zdnet.com,Male
896,Estrellita,Vasilyonok,evasilyonokov@yellowpages.com,Female
897,Killie,Romain,kromainow@discuz.net,Male
898,Zena,Shimon,zshimonox@edublogs.org,Female
899,Bobbye,Heap,bheapoy@delicious.com,Female
900,Christophorus,Drury,cdruryoz@netvibes.com,Male
901,Renate,Arnet,rarnetp0@army.mil,Female
902,Modestine,Skirving,mskirvingp1@dedecms.com,Female
903,Read,Whiff,rwhiffp2@arizona.edu,Male
904,Hobard,Pahler,hpahlerp3@furl.net,Male
905,Olag,Cropton,ocroptonp4@google.co.jp,Male
906,Tirrell,Langlais,tlanglaisp5@dagondesign.com,Male
907,Gunther,Roney,groneyp6@oaic.gov.au,Male
908,Nathaniel,Wych,nwychp7@loc.gov,Male
909,Hertha,Clissell,hclissellp8@usatoday.com,Female
910,Cindi,Joe,cjoep9@moonfruit.com,Bigender
911,Lauralee,Darrigone,ldarrigonepa@4shared.com,Female
912,Erie,Denge,edengepb@webnode.com,Male
913,Clement,Imms,cimmspc@qq.com,Male
914,Brnaba,Storr,bstorrpd@slideshare.net,Male
915,Eyde,Caldecott,ecaldecottpe@creativecommons.org,Female
916,Fulton,Rogister,frogisterpf@163.com,Male
917,Cull,Romney,cromneypg@4shared.com,Male
918,Crosby,Ceely,cceelyph@columbia.edu,Genderqueer
919,Sergio,Izatt,sizattpi@google.nl,Male
920,Cort,Genicke,cgenickepj@xinhuanet.com,Male
921,Alfreda,Delle,adellepk@samsung.com,Female
922,Jess,Osmond,josmondpl@amazonaws.com,Male
923,Chester,Tuckerman,ctuckermanpm@chronoengine.com,Male
924,Ivan,Corradeschi,icorradeschipn@lycos.com,Male
925,Daile,Bolver,dbolverpo@behance.net,Female
926,Bebe,Barbey,bbarbeypp@nih.gov,Female
927,Craggy,Ismail,cismailpq@arizona.edu,Male
928,Everett,Bonhill,ebonhillpr@nationalgeographic.com,Male
929,Sibelle,Lindegard,slindegardps@deliciousdays.com,Female
930,Borg,Kornalik,bkornalikpt@stanford.edu,Male
931,Carlyn,Blodgetts,cblodgettspu@blogtalkradio.com,Female
932,Darsey,Antonsen,dantonsenpv@google.cn,Female
933,Rennie,Dougal,rdougalpw@disqus.com,Female
934,Kelley,Natte,knattepx@arstechnica.com,Female
935,Jackson,Durdan,jdurdanpy@google.nl,Male
936,Deerdre,Buckel,dbuckelpz@istockphoto.com,Female
937,Bradly,Denington,bdeningtonq0@sciencedaily.com,Male
938,Sharity,Naris,snarisq1@dagondesign.com,Female
939,Jacenta,Haberjam,jhaberjamq2@merriam-webster.com,Female
940,Alice,Benediktovich,abenediktovichq3@artisteer.com,Female
941,Reinaldo,Jiru,rjiruq4@indiatimes.com,Male
942,Tate,Gommes,tgommesq5@ifeng.com,Female
943,Ludwig,Jubert,ljubertq6@jimdo.com,Male
944,Mitch,Blabey,mblabeyq7@usa.gov,Male
945,Hilary,Crain,hcrainq8@i2i.jp,Bigender
946,Cynthia,Ogus,cogusq9@gnu.org,Female
947,Montague,Barrasse,mbarrasseqa@epa.gov,Male
948,Larissa,Smead,lsmeadqb@a8.net,Female
949,Karel,Bohlens,kbohlensqc@desdev.cn,Male
950,Marshal,Rubanenko,mrubanenkoqd@sourceforge.net,Male
951,Gusti,Lucio,glucioqe@mapquest.com,Female
952,Jorry,Coughlin,jcoughlinqf@devhub.com,Female
953,Fax,Hugonnet,fhugonnetqg@theglobeandmail.com,Male
954,Amity,Dunkerley,adunkerleyqh@sitemeter.com,Female
955,Claire,Ibel,cibelqi@cargocollective.com,Male
956,Maible,Edgeller,medgellerqj@studiopress.com,Female
957,Amelie,Reinhardt,areinhardtqk@blogtalkradio.com,Female
958,Emily,Manklow,emanklowql@list-manage.com,Female
959,Shanan,Tofanini,stofaniniqm@auda.org.au,Male
960,Kimbell,Olyfat,kolyfatqn@live.com,Male
961,Aloise,Coppard,acoppardqo@creativecommons.org,Female
962,Lorne,Picker,lpickerqp@chicagotribune.com,Female
963,Thacher,Bennedsen,tbennedsenqq@shinystat.com,Male
964,Lillis,Blaisdell,lblaisdellqr@list-manage.com,Female
965,Christy,Woodstock,cwoodstockqs@princeton.edu,Female
966,Georgette,Grigoriscu,ggrigoriscuqt@springer.com,Genderqueer
967,Ludvig,Ruger,lrugerqu@sakura.ne.jp,Male
968,Meggy,Tipler,mtiplerqv@howstuffworks.com,Female
969,Nanete,Tilley,ntilleyqw@wisc.edu,Female
970,Shelden,Leve,sleveqx@latimes.com,Male
971,Nat,Wildish,nwildishqy@mapquest.com,Female
972,Elaina,Ghilks,eghilksqz@ftc.gov,Female
973,Carlin,Meineken,cmeinekenr0@cornell.edu,Male
974,Briana,Blackborough,bblackboroughr1@cdbaby.com,Female
975,Joann,Baszniak,jbaszniakr2@wordpress.com,Female
976,Jermaine,Casarino,jcasarinor3@indiegogo.com,Bigender
977,Alvy,Lobbe,alobber4@wufoo.com,Male
978,Lyon,McIlwreath,lmcilwreathr5@nationalgeographic.com,Male
979,Ring,Peters,rpetersr6@alexa.com,Male
980,Gun,Bamber,gbamberr7@dagondesign.com,Male
981,Barbara,Huguet,bhuguetr8@about.com,Female
982,Emmerich,Beedle,ebeedler9@ft.com,Male
983,Nels,Dunderdale,ndunderdalera@abc.net.au,Male
984,Whitney,Carlisso,wcarlissorb@digg.com,Female
985,Myles,Rosberg,mrosbergrc@mtv.com,Male
986,Rosella,Haythorne,rhaythornerd@scribd.com,Polygender
987,Betteanne,Loody,bloodyre@fastcompany.com,Female
988,Orion,Westbrook,owestbrookrf@wufoo.com,Genderqueer
989,Angelita,Molloy,amolloyrg@surveymonkey.com,Agender
990,Dacia,Lipsett,dlipsettrh@gov.uk,Female
991,Chelsy,Stoneman,cstonemanri@photobucket.com,Female
992,Robbin,Shower,rshowerrj@themeforest.net,Female
993,Conni,Terren,cterrenrk@mashable.com,Female
994,Brittni,Duffill,bduffillrl@utexas.edu,Female
995,Shawn,Groven,sgrovenrm@nih.gov,Bigender
996,Mickie,Gutowski,mgutowskirn@xrea.com,Female
997,Bibbye,Merrigan,bmerriganro@miibeian.gov.cn,Female
998,Emlynne,Banat,ebanatrp@slideshare.net,Female
999,Matilda,Ryson,mrysonrq@yahoo.com,Female
1000,Dalton,Ferrillo,dferrillorr@fema.gov,Male
